Date,Predicted_Price,Type
2026-02-02 00:00:00,88648.25,Training
2023-05-12 23:59:59,28369.494,Training
2015-10-28 23:59:59,284.19473,Training
2025-04-04 00:00:00,80965.81,Training
2022-04-19 23:59:59,39969.914,Training
2026-01-09 00:00:00,91559.336,Training
2019-06-26 23:59:59,10091.341,Training
2018-08-10 23:59:59,7039.1733,Training
2023-10-01 23:59:59,26417.115,Training
2020-07-20 23:59:59,9202.743,Training
2021-01-29 23:59:59,32237.07,Training
2013-07-22 23:59:59,120.035385,Training
2014-04-19 23:59:59,419.50174,Training
2017-02-02 23:59:59,929.64166,Training
2025-08-10 00:00:00,113109.66,Training
2023-09-13 23:59:59,26170.705,Training
2021-04-02 23:59:59,55702.766,Training
2022-01-31 23:59:59,37428.1,Training
2016-11-05 23:59:59,707.6019,Training
2025-05-10 00:00:00,95065.08,Training
2015-02-16 23:59:59,219.94576,Training
2019-08-11 23:59:59,11491.228,Training
2024-07-27 23:59:59,67418.016,Training
2018-08-07 23:59:59,7745.449,Training
2014-12-23 23:59:59,323.9357,Training
2018-12-31 23:59:59,3799.9465,Training
2020-12-27 23:59:59,23293.576,Training
2023-10-26 23:59:59,30053.541,Training
2015-08-23 23:59:59,239.9149,Training
2020-07-29 23:59:59,9598.209,Training
2013-11-19 23:59:59,399.14246,Training
2025-05-18 00:00:00,103096.38,Training
2013-12-17 23:59:59,907.73956,Training
2014-05-12 23:59:59,438.19376,Training
2016-05-02 23:59:59,480.6731,Training
2013-10-08 23:59:59,129.75107,Training
2014-09-07 23:59:59,479.71738,Training
2023-03-13 23:59:59,22015.174,Training
2016-10-23 23:59:59,638.43005,Training
2017-07-20 23:59:59,1800.7596,Training
2020-02-10 23:59:59,9554.337,Training
2022-07-01 23:59:59,20775.635,Training
2024-07-31 23:59:59,67562.875,Training
2020-10-12 23:59:59,10701.336,Training
2017-03-09 23:59:59,1308.8616,Training
2019-12-15 23:59:59,7338.223,Training
2026-03-16 00:00:00,70877.55,Training
2015-03-11 23:59:59,284.19473,Training
2025-03-08 00:00:00,86816.33,Training
2019-08-03 23:59:59,9510.94,Training
2017-04-24 23:59:59,1180.4529,Training
2017-06-01 23:59:59,1800.7596,Training
2024-12-03 23:59:59,94673.02,Training
2018-11-09 23:59:59,6396.3857,Training
2017-10-05 23:59:59,4245.3413,Training
2015-04-28 23:59:59,242.05173,Training
2013-12-18 23:59:59,907.73956,Training
2014-10-24 23:59:59,380.7206,Training
2020-09-21 23:59:59,11031.007,Training
2014-02-15 23:59:59,649.2803,Training
2017-07-27 23:59:59,2734.8477,Training
2021-07-11 23:59:59,33322.535,Training
2013-05-12 23:59:59,122.150246,Training
2024-03-30 23:59:59,69140.164,Training
2018-06-07 23:59:59,7522.866,Training
2019-07-26 23:59:59,10550.102,Training
2014-09-02 23:59:59,527.36835,Training
2017-10-24 23:59:59,5514.9165,Training
2023-10-09 23:59:59,27846.451,Training
2018-09-27 23:59:59,6707.424,Training
2014-02-24 23:59:59,631.08575,Training
2020-09-18 23:59:59,10370.848,Training
2017-07-23 23:59:59,2419.547,Training
2013-05-27 23:59:59,132.69707,Training
2021-05-19 23:59:59,51272.59,Training
2024-06-03 23:59:59,67650.72,Training
2016-02-08 23:59:59,380.7206,Training
2014-12-09 23:59:59,369.86365,Training
2021-07-30 23:59:59,34483.793,Training
2017-06-26 23:59:59,2734.8477,Training
2024-10-07 23:59:59,61606.47,Training
2017-10-07 23:59:59,4572.474,Training
2025-02-03 00:00:00,103292.945,Training
2017-08-05 23:59:59,2734.8477,Training
2014-02-07 23:59:59,817.75507,Training
2015-02-18 23:59:59,236.5442,Training
2025-08-07 00:00:00,113232.04,Training
2016-04-22 23:59:59,433.82513,Training
2021-12-30 23:59:59,50299.523,Training
2017-07-14 23:59:59,2419.547,Training
2026-06-21 00:00:00,66264.234,Training
2018-05-13 23:59:59,9337.274,Training
2015-11-17 23:59:59,325.3588,Training
2024-12-19 23:59:59,101517.87,Training
2021-01-05 23:59:59,28559.592,Training
2016-10-08 23:59:59,631.08575,Training
2022-12-17 23:59:59,16942.771,Training
2023-09-01 23:59:59,26195.771,Training
2020-01-08 23:59:59,7227.4644,Training
2020-06-18 23:59:59,9423.468,Training
2022-03-06 23:59:59,44097.266,Training
2021-08-23 23:59:59,44009.688,Training
2021-05-09 23:59:59,53603.56,Training
2014-03-15 23:59:59,635.874,Training
2024-04-16 23:59:59,69781.89,Training
2023-09-22 23:59:59,26496.025,Training
2014-02-18 23:59:59,603.9317,Training
2026-02-13 00:00:00,71309.69,Training
2022-01-20 23:59:59,42469.152,Training
2025-07-06 00:00:00,106591.93,Training
2013-09-25 23:59:59,136.85678,Training
2014-11-10 23:59:59,339.60663,Training
2023-11-21 23:59:59,37230.71,Training
2013-08-12 23:59:59,120.035385,Training
2019-09-07 23:59:59,10266.472,Training
2022-12-03 23:59:59,16274.008,Training
2022-03-04 23:59:59,37944.727,Training
2022-10-20 23:59:59,19048.85,Training
2015-01-27 23:59:59,235.03993,Training
2025-03-21 00:00:00,83172.86,Training
2014-08-18 23:59:59,539.14355,Training
2023-11-27 23:59:59,37979.77,Training
2013-06-06 23:59:59,134.33572,Training
2024-03-16 23:59:59,70346.51,Training
2023-07-19 23:59:59,30550.338,Training
2025-01-30 00:00:00,104715.5,Training
2024-08-24 23:59:59,58432.98,Training
2025-07-22 00:00:00,118524.13,Training
2014-10-16 23:59:59,365.97766,Training
2021-09-18 23:59:59,44715.49,Training
2026-08-17 00:00:00,63912.78,Training
2015-05-25 23:59:59,242.05173,Training
2016-03-01 23:59:59,433.82513,Training
2024-02-04 23:59:59,43032.973,Training
2015-02-20 23:59:59,239.9149,Training
2024-01-05 23:59:59,42432.43,Training
2021-06-25 23:59:59,35191.18,Training
2018-11-16 23:59:59,6400.187,Training
2024-09-15 23:59:59,57368.645,Training
2026-09-28 00:00:00,85483.234,Training
2026-06-28 00:00:00,63206.45,Training
2021-12-17 23:59:59,50315.574,Training
2025-01-05 23:59:59,92428.83,Training
2013-10-30 23:59:59,175.86798,Training
2022-11-28 23:59:59,16327.87,Training
2018-04-01 23:59:59,8092.083,Training
2014-12-21 23:59:59,339.60663,Training
2021-11-01 23:59:59,58823.83,Training
2017-12-04 23:59:59,10378.748,Training
2021-08-25 23:59:59,48727.37,Training
2019-10-29 23:59:59,7358.396,Training
2014-06-24 23:59:59,599.1434,Training
2020-02-05 23:59:59,9237.414,Training
2019-02-01 23:59:59,3597.2563,Training
2015-10-10 23:59:59,243.556,Training
2017-11-25 23:59:59,8095.885,Training
2026-09-07 00:00:00,77685.62,Training
2023-01-30 23:59:59,23273.523,Training
2024-12-05 23:59:59,96256.66,Training
2015-03-18 23:59:59,299.92264,Training
2015-05-05 23:59:59,236.5442,Training
2023-09-17 23:59:59,25793.195,Training
2025-01-21 23:59:59,98227.07,Training
2020-09-29 23:59:59,10504.738,Training
2026-02-03 00:00:00,84817.84,Training
2022-08-18 23:59:59,24520.242,Training
2013-07-08 23:59:59,120.035385,Training
2013-05-16 23:59:59,124.75553,Training
2021-11-30 23:59:59,58107.445,Training
2021-12-06 23:59:59,57310.06,Training
2019-04-20 23:59:59,5127.751,Training
2023-02-12 23:59:59,23192.857,Training
2024-11-11 23:59:59,74767.78,Training
2025-04-22 00:00:00,84804.27,Training
2025-10-13 00:00:00,122890.28,Training
2024-01-28 23:59:59,40498.15,Training
2016-10-15 23:59:59,631.08575,Training
2019-06-11 23:59:59,7780.3867,Training
2020-04-04 23:59:59,6394.3765,Training
2020-02-17 23:59:59,10270.652,Training
2023-11-24 23:59:59,37619.434,Training
2020-11-20 23:59:59,15481.823,Training
2021-02-04 23:59:59,34582.72,Training
2026-01-05 00:00:00,87640.61,Training
2024-12-18 23:59:59,101018.28,Training
2020-06-07 23:59:59,9850.828,Training
2021-10-01 23:59:59,42577.14,Training
2014-12-11 23:59:59,369.86365,Training
2015-05-20 23:59:59,243.556,Training
2019-03-01 23:59:59,3926.0054,Training
2025-09-30 00:00:00,109775.89,Training
2015-12-09 23:59:59,376.83463,Training
2022-03-27 23:59:59,42695.984,Training
2025-01-06 23:59:59,94128.24,Training
2016-02-27 23:59:59,434.78082,Training
2020-03-27 23:59:59,6068.8857,Training
2022-11-13 23:59:59,18278.445,Training
2021-12-22 23:59:59,46536.64,Training
2013-09-30 23:59:59,136.85678,Training
2018-04-28 23:59:59,8893.547,Training
2021-07-23 23:59:59,31982.777,Training
2013-12-20 23:59:59,817.75507,Training
2024-01-27 23:59:59,40731.727,Training
2020-01-07 23:59:59,7053.227,Training
2019-06-14 23:59:59,7673.6206,Training
2023-04-13 23:59:59,27846.451,Training
2020-06-10 23:59:59,9639.177,Training
2026-02-09 00:00:00,72894.55,Training
2020-10-22 23:59:59,11288.243,Training
2017-06-11 23:59:59,2894.9548,Training
2015-05-07 23:59:59,242.05173,Training
2023-03-18 23:59:59,24170.346,Training
2025-12-09 00:00:00,92103.37,Training
2016-04-13 23:59:59,433.82513,Training
2020-08-06 23:59:59,11640.384,Training
2020-06-03 23:59:59,9547.451,Training
2015-12-04 23:59:59,376.83463,Training
2022-04-13 23:59:59,42393.695,Training
2021-07-28 23:59:59,32956.594,Training
2025-06-23 00:00:00,104781.79,Training
2020-09-26 23:59:59,10636.181,Training
2017-05-30 23:59:59,2419.547,Training
2025-01-19 23:59:59,95903.52,Training
2026-01-14 00:00:00,90579.414,Training
2014-06-01 23:59:59,589.2979,Training
2020-07-28 23:59:59,9596.082,Training
2018-01-18 23:59:59,13967.791,Training
2023-09-08 23:59:59,26004.7,Training
2021-01-12 23:59:59,39039.344,Training
2013-09-13 23:59:59,132.69707,Training
2014-12-14 23:59:59,364.55457,Training
2019-06-18 23:59:59,8174.052,Training
2020-08-17 23:59:59,11604.109,Training
2015-06-07 23:59:59,235.03993,Training
2019-09-08 23:59:59,10564.054,Training
2022-10-23 23:59:59,19293.406,Training
2019-12-25 23:59:59,7128.44,Training
2019-06-07 23:59:59,8853.535,Training
2013-10-02 23:59:59,136.85678,Training
2014-11-08 23:59:59,323.9357,Training
2017-05-22 23:59:59,1800.7596,Training
2023-01-01 23:59:59,16795.752,Training
2021-04-29 23:59:59,51018.78,Training
2017-03-29 23:59:59,982.9355,Training
2014-01-07 23:59:59,799.842,Training
2026-04-16 00:00:00,72771.484,Training
2018-02-06 23:59:59,9417.185,Training
2021-06-13 23:59:59,33298.74,Training
2023-05-21 23:59:59,27016.793,Training
2022-11-12 23:59:59,20729.621,Training
2015-02-05 23:59:59,235.03993,Training
2016-11-17 23:59:59,707.6019,Training
2016-04-11 23:59:59,433.82513,Training
2019-04-30 23:59:59,5338.7227,Training
2016-03-13 23:59:59,409.9993,Training
2018-02-10 23:59:59,7274.7163,Training
2018-07-29 23:59:59,8201.623,Training
2025-07-18 00:00:00,118222.44,Training
2022-08-14 23:59:59,23328.297,Training
2022-12-22 23:59:59,16798.096,Training
2020-05-21 23:59:59,9497.326,Training
2020-03-25 23:59:59,6323.69,Training
2018-09-17 23:59:59,6336.0713,Training
2014-08-25 23:59:59,499.44818,Training
2020-02-08 23:59:59,9442.3545,Training
2025-08-24 00:00:00,113719.164,Training
2018-04-08 23:59:59,7205.9023,Training
2024-04-19 23:59:59,64843.133,Training
2016-02-18 23:59:59,380.7206,Training
2018-02-05 23:59:59,10112.566,Training
2022-12-27 23:59:59,16775.607,Training
2018-10-29 23:59:59,6506.0693,Training
2014-02-25 23:59:59,593.861,Training
2022-04-11 23:59:59,43431.617,Training
2013-08-02 23:59:59,120.035385,Training
2022-09-22 23:59:59,20024.441,Training
2021-05-16 23:59:59,56731.133,Training
2013-05-30 23:59:59,136.85678,Training
2022-11-30 23:59:59,16361.766,Training
2019-11-07 23:59:59,9268.998,Training
2024-07-11 23:59:59,57939.96,Training
2021-05-07 23:59:59,55698.27,Training
2025-08-15 00:00:00,117912.88,Training
2017-12-31 23:59:59,15727.931,Training
2026-08-21 00:00:00,63027.78,Training
2022-01-01 23:59:59,50500.32,Training
2021-04-05 23:59:59,58932.258,Training
2014-01-13 23:59:59,799.842,Training
2019-12-04 23:59:59,7585.852,Training
2016-07-17 23:59:59,694.31683,Training
2024-11-30 23:59:59,92955.24,Training
2019-12-22 23:59:59,6787.613,Training
2017-04-29 23:59:59,1180.4529,Training
2023-11-01 23:59:59,34346.543,Training
2015-08-20 23:59:59,271.99084,Training
2018-12-27 23:59:59,3964.614,Training
2015-04-09 23:59:59,259.78107,Training
2018-05-27 23:59:59,8183.419,Training
2014-05-26 23:59:59,479.71738,Training
2013-07-12 23:59:59,120.035385,Training
2017-05-12 23:59:59,1605.8508,Training
2019-06-08 23:59:59,8437.48,Training
2017-07-08 23:59:59,2693.1719,Training
2021-11-26 23:59:59,58259.348,Training
2021-07-20 23:59:59,31952.629,Training
2015-02-07 23:59:59,236.5442,Training
2015-09-10 23:59:59,235.03993,Training
2022-06-26 23:59:59,20733.838,Training
2022-01-22 23:59:59,41624.594,Training
2019-11-01 23:59:59,9523.757,Training
2023-05-07 23:59:59,28797.848,Training
2022-09-08 23:59:59,20022.416,Training
2013-08-21 23:59:59,122.150246,Training
2018-10-20 23:59:59,6541.822,Training
2015-12-29 23:59:59,446.09534,Training
2019-09-09 23:59:59,10559.384,Training
2019-06-02 23:59:59,8848.297,Training
2025-02-20 00:00:00,96898.98,Training
2015-03-16 23:59:59,299.92264,Training
2022-07-12 23:59:59,21219.012,Training
2025-06-05 00:00:00,104755.33,Training
2020-07-03 23:59:59,9191.084,Training
2025-07-24 00:00:00,117623.086,Training
2015-08-15 23:59:59,271.99084,Training
2016-01-25 23:59:59,409.9993,Training
2019-10-21 23:59:59,8136.0264,Training
2019-09-04 23:59:59,9593.672,Training
2013-10-28 23:59:59,195.14398,Training
2026-06-13 00:00:00,63644.99,Training
2018-12-16 23:59:59,3376.013,Training
2025-06-28 00:00:00,105443.72,Training
2022-09-30 23:59:59,19018.037,Training
2019-04-07 23:59:59,4306.987,Training
2022-02-20 23:59:59,43647.19,Training
2018-09-16 23:59:59,6336.0713,Training
2020-03-20 23:59:59,5421.831,Training
2013-08-05 23:59:59,120.035385,Training
2022-04-30 23:59:59,40511.203,Training
2021-01-06 23:59:59,28703.791,Training
2014-08-12 23:59:59,589.2979,Training
2019-02-21 23:59:59,3597.2563,Training
2024-08-20 23:59:59,57938.77,Training
2019-09-18 23:59:59,10275.158,Training
2023-01-18 23:59:59,20106.38,Training
2017-08-20 23:59:59,4151.206,Training
2021-11-11 23:59:59,61257.14,Training
2018-03-28 23:59:59,8713.198,Training
2019-11-09 23:59:59,9259.212,Training
2023-07-31 23:59:59,29400.652,Training
2014-09-21 23:59:59,479.71738,Training
2014-09-13 23:59:59,479.71738,Training
2022-10-15 23:59:59,19147.535,Training
2024-04-29 23:59:59,64822.105,Training
2026-09-13 00:00:00,78959.44,Training
2021-11-28 23:59:59,57239.02,Training
2019-05-08 23:59:59,5846.0776,Training
2023-02-16 23:59:59,22005.787,Training
2019-10-02 23:59:59,8182.982,Training
2026-09-30 00:00:00,84437.38,Training
2026-02-18 00:00:00,69135.09,Training
2026-02-12 00:00:00,69379.81,Training
2015-05-30 23:59:59,243.556,Training
2013-06-16 23:59:59,120.035385,Training
2026-07-20 00:00:00,65133.008,Training
2013-11-30 23:59:59,728.23804,Training
2014-04-23 23:59:59,479.71738,Training
2017-01-01 23:59:59,929.64166,Training
2025-06-07 00:00:00,105814.02,Training
2019-06-27 23:59:59,10697.709,Training
2025-04-09 00:00:00,83324.46,Training
2014-05-06 23:59:59,445.13962,Training
2016-01-28 23:59:59,380.7206,Training
2018-06-18 23:59:59,6372.738,Training
2023-03-03 23:59:59,23346.486,Training
2017-03-30 23:59:59,982.9355,Training
2014-07-04 23:59:59,592.6906,Training
2023-04-05 23:59:59,28245.832,Training
2014-08-15 23:59:59,589.2979,Training
2020-06-02 23:59:59,9559.311,Training
2019-03-09 23:59:59,3767.271,Training
2024-03-03 23:59:59,57277.137,Training
2025-11-30 00:00:00,87485.53,Training
2014-06-22 23:59:59,595.75073,Training
2014-12-24 23:59:59,323.9357,Training
2019-02-09 23:59:59,3484.4878,Training
2016-02-22 23:59:59,409.9993,Training
2018-05-09 23:59:59,9656.251,Training
2018-02-13 23:59:59,8104.0547,Training
2013-08-18 23:59:59,120.035385,Training
2017-09-08 23:59:59,4573.6333,Training
2015-03-05 23:59:59,259.78107,Training
2026-01-06 00:00:00,88665.695,Training
2025-10-05 00:00:00,113858.75,Training
2017-06-19 23:59:59,2419.547,Training
2019-12-13 23:59:59,7485.357,Training
2017-05-31 23:59:59,2419.547,Training
2016-02-25 23:59:59,434.78082,Training
2020-03-07 23:59:59,8837.696,Training
2024-06-15 23:59:59,69596.25,Training
2023-10-10 23:59:59,27562.094,Training
2026-06-05 00:00:00,73717.055,Training
2017-01-24 23:59:59,907.73956,Training
2014-03-22 23:59:59,631.08575,Training
2021-03-30 23:59:59,51611.92,Training
2019-03-12 23:59:59,3880.7136,Training
2019-11-18 23:59:59,8857.896,Training
2026-03-24 00:00:00,70212.42,Training
2015-05-08 23:59:59,243.556,Training
2015-03-12 23:59:59,284.19473,Training
2022-11-26 23:59:59,16278.334,Training
2023-10-31 23:59:59,34422.22,Training
2015-06-08 23:59:59,235.03993,Training
2023-05-13 23:59:59,27816.592,Training
2018-08-31 23:59:59,6711.225,Training
2019-03-05 23:59:59,3880.7136,Training
2015-08-10 23:59:59,284.19473,Training
2017-05-20 23:59:59,1800.7596,Training
2013-12-09 23:59:59,1048.8494,Training
2021-08-13 23:59:59,43484.195,Training
2014-02-19 23:59:59,649.2803,Training
2017-11-09 23:59:59,7135.8955,Training
2017-08-07 23:59:59,2734.8477,Training
2014-09-17 23:59:59,479.71738,Training
2024-10-17 23:59:59,62614.426,Training
2022-10-28 23:59:59,19549.52,Training
2015-05-16 23:59:59,243.556,Training
2013-09-16 23:59:59,135.21811,Training
2025-03-07 00:00:00,93563.484,Training
2017-10-19 23:59:59,5737.1045,Training
2016-12-17 23:59:59,799.842,Training
2022-03-22 23:59:59,40258.758,Training
2020-11-09 23:59:59,14120.903,Training
2019-06-04 23:59:59,8626.268,Training
2022-02-21 23:59:59,43278.613,Training
2013-06-02 23:59:59,134.33572,Training
2014-07-07 23:59:59,638.43005,Training
2021-05-21 23:59:59,47380.52,Training
2017-05-25 23:59:59,1800.7596,Training
2023-11-07 23:59:59,35745.125,Training
2017-11-06 23:59:59,6560.1675,Training
2023-12-20 23:59:59,42185.633,Training
2021-02-27 23:59:59,52592.57,Training
2024-06-14 23:59:59,69384.71,Training
2024-11-06 23:59:59,68983.38,Training
2014-10-30 23:59:59,339.60663,Training
2022-01-14 23:59:59,41818.375,Training
2016-03-18 23:59:59,409.9993,Training
2016-07-30 23:59:59,645.5756,Training
2023-10-06 23:59:59,27942.607,Training
2017-07-16 23:59:59,2419.547,Training
2020-08-05 23:59:59,11289.763,Training
2020-07-19 23:59:59,9206.137,Training
2018-06-24 23:59:59,6727.9907,Training
2016-05-09 23:59:59,454.32568,Training
2023-10-25 23:59:59,29862.58,Training
2020-04-13 23:59:59,7289.0933,Training
2017-04-09 23:59:59,1197.4264,Training
2025-10-25 00:00:00,109687.6,Training
2016-03-26 23:59:59,409.9993,Training
2019-08-30 23:59:59,10117.497,Training
2019-07-20 23:59:59,10730.517,Training
2014-08-19 23:59:59,527.36835,Training
2025-06-29 00:00:00,106197.47,Training
2026-07-17 00:00:00,63796.387,Training
2014-09-01 23:59:59,527.36835,Training
2014-12-02 23:59:59,369.86365,Training
2022-01-27 23:59:59,35296.99,Training
2015-06-19 23:59:59,242.05173,Training
2018-04-26 23:59:59,8893.547,Training
2020-08-09 23:59:59,11278.759,Training
2014-01-11 23:59:59,965.9617,Training
2022-12-30 23:59:59,16986.844,Training
2025-07-08 00:00:00,110042.555,Training
2018-08-27 23:59:59,6448.4204,Training
2015-01-20 23:59:59,210.23819,Training
2013-07-04 23:59:59,120.035385,Training
2013-12-30 23:59:59,694.31683,Training
2025-09-03 00:00:00,108662.17,Training
2017-01-03 23:59:59,965.9617,Training
2018-02-11 23:59:59,7139.906,Training
2018-05-10 23:59:59,9685.996,Training
2015-07-25 23:59:59,284.19473,Training
2015-06-30 23:59:59,243.556,Training
2021-08-01 23:59:59,38768.973,Training
2017-08-15 23:59:59,3321.2002,Training
2017-10-22 23:59:59,5514.9165,Training
2026-05-17 00:00:00,80681.555,Training
2019-01-16 23:59:59,3677.9895,Training
2013-07-13 23:59:59,120.035385,Training
2017-03-21 23:59:59,1246.1305,Training
2016-03-21 23:59:59,433.82513,Training
2023-03-20 23:59:59,24371.115,Training
2017-09-30 23:59:59,3776.1367,Training
2015-01-15 23:59:59,284.19473,Training
2026-05-07 00:00:00,78884.23,Training
2024-04-14 23:59:59,69018.9,Training
2018-06-11 23:59:59,7522.866,Training
2018-02-14 23:59:59,8415.86,Training
2016-02-16 23:59:59,380.7206,Training
2013-06-20 23:59:59,120.035385,Training
2018-04-30 23:59:59,9156.81,Training
2016-07-09 23:59:59,694.31683,Training
2018-07-09 23:59:59,6569.7046,Training
2026-07-23 00:00:00,64683.64,Training
2017-08-08 23:59:59,2734.8477,Training
2026-02-15 00:00:00,69734.59,Training
2017-06-25 23:59:59,2734.8477,Training
2016-04-28 23:59:59,454.32568,Training
2014-10-19 23:59:59,409.9993,Training
2016-12-15 23:59:59,799.842,Training
2016-08-03 23:59:59,645.5756,Training
2024-05-02 23:59:59,62919.902,Training
2024-10-14 23:59:59,60637.258,Training
2021-03-20 23:59:59,56742.453,Training
2023-04-01 23:59:59,27235.188,Training
2026-05-27 00:00:00,75628.42,Training
2025-03-12 00:00:00,86218.32,Training
2015-04-24 23:59:59,235.03993,Training
2025-12-01 00:00:00,89926.234,Training
2015-10-02 23:59:59,242.05173,Training
2014-11-16 23:59:59,369.86365,Training
2015-01-18 23:59:59,239.9149,Training
2016-01-23 23:59:59,380.7206,Training
2017-12-01 23:59:59,9031.375,Training
2019-05-31 23:59:59,8448.51,Training
2025-05-20 00:00:00,103092.07,Training
2022-02-05 23:59:59,38304.24,Training
2024-07-24 23:59:59,67168.234,Training
2016-08-31 23:59:59,589.2979,Training
2026-05-02 00:00:00,76761.33,Training
2022-11-07 23:59:59,20062.014,Training
2013-12-23 23:59:59,606.8173,Training
2025-08-08 00:00:00,113958.28,Training
2017-05-28 23:59:59,2419.547,Training
2014-06-23 23:59:59,599.1434,Training
2016-10-16 23:59:59,635.874,Training
2021-02-17 23:59:59,47397.25,Training
2016-06-03 23:59:59,539.14355,Training
2013-05-21 23:59:59,126.86313,Training
2017-09-09 23:59:59,4341.969,Training
2015-07-07 23:59:59,263.25992,Training
2020-09-23 23:59:59,10863.956,Training
2026-07-03 00:00:00,59831.746,Training
2019-09-21 23:59:59,10272.815,Training
2025-10-07 00:00:00,123345.08,Training
2014-05-10 23:59:59,433.82513,Training
2013-12-28 23:59:59,684.6153,Training
2024-02-14 23:59:59,47755.645,Training
2016-08-28 23:59:59,589.2979,Training
2024-01-22 23:59:59,42627.2,Training
2024-09-05 23:59:59,59110.223,Training
2016-09-27 23:59:59,592.6906,Training
2016-09-16 23:59:59,599.1434,Training
2020-01-24 23:59:59,8831.392,Training
2025-10-09 00:00:00,117892.664,Training
2024-05-31 23:59:59,68429.336,Training
2016-09-06 23:59:59,539.14355,Training
2020-08-26 23:59:59,11688.624,Training
2024-10-31 23:59:59,66848.37,Training
2024-07-07 23:59:59,62175.902,Training
2024-10-04 23:59:59,64993.195,Training
2026-01-08 00:00:00,90196.45,Training
2025-06-15 00:00:00,109813.18,Training
2015-07-20 23:59:59,299.92264,Training
2024-05-04 23:59:59,63350.684,Training
2026-09-09 00:00:00,80759.586,Training
2019-02-13 23:59:59,3615.323,Training
2019-05-30 23:59:59,7954.3467,Training
2025-10-01 00:00:00,109899.62,Training
2024-03-08 23:59:59,62345.965,Training
2024-10-15 23:59:59,60394.21,Training
2016-07-15 23:59:59,645.5756,Training
2017-02-07 23:59:59,1035.7802,Training
2013-06-24 23:59:59,120.035385,Training
2025-01-25 23:59:59,102220.62,Training
2017-04-10 23:59:59,1197.4264,Training
2019-01-21 23:59:59,3633.3862,Training
2014-10-20 23:59:59,380.7206,Training
2021-10-05 23:59:59,43235.57,Training
2023-12-26 23:59:59,44017.547,Training
2014-07-21 23:59:59,631.08575,Training
2021-12-12 23:59:59,50769.41,Training
2013-11-15 23:59:59,308.2077,Training
2026-06-06 00:00:00,72783.5,Training
2022-11-15 23:59:59,16447.152,Training
2022-03-24 23:59:59,41994.406,Training
2021-03-02 23:59:59,47269.633,Training
2020-02-07 23:59:59,9269.739,Training
2021-01-22 23:59:59,35433.203,Training
2019-11-13 23:59:59,8858.272,Training
2020-05-28 23:59:59,9237.199,Training
2025-02-28 00:00:00,96199.516,Training
2013-09-01 23:59:59,132.69707,Training
2020-09-04 23:59:59,11708.193,Training
2016-08-20 23:59:59,539.14355,Training
2026-06-16 00:00:00,63881.855,Training
2022-08-04 23:59:59,23733.268,Training
2022-01-11 23:59:59,42628.68,Training
2013-09-15 23:59:59,134.33572,Training
2021-06-02 23:59:59,36398.57,Training
2025-03-10 00:00:00,89974.07,Training
2021-10-08 23:59:59,48218.246,Training
2016-01-06 23:59:59,433.82513,Training
2017-07-18 23:59:59,2419.547,Training
2014-09-27 23:59:59,409.9993,Training
2024-01-23 23:59:59,42319.1,Training
2023-03-05 23:59:59,23355.873,Training
2020-05-22 23:59:59,9638.441,Training
2023-03-01 23:59:59,23556.838,Training
2023-05-09 23:59:59,29021.797,Training
2014-01-10 23:59:59,907.73956,Training
2021-02-18 23:59:59,46917.86,Training
2023-09-11 23:59:59,25626.97,Training
2013-09-03 23:59:59,132.69707,Training
2017-09-18 23:59:59,3898.8127,Training
2015-06-06 23:59:59,235.03993,Training
2024-02-11 23:59:59,42972.977,Training
2019-04-10 23:59:59,4850.1187,Training
2014-11-22 23:59:59,409.9993,Training
2021-10-06 23:59:59,48145.43,Training
2015-08-24 23:59:59,235.03993,Training
2025-08-19 00:00:00,122962.91,Training
2016-05-25 23:59:59,436.59286,Training
2016-05-23 23:59:59,456.21536,Training
2017-05-23 23:59:59,1800.7596,Training
2016-12-24 23:59:59,816.19446,Training
2020-07-01 23:59:59,9266.943,Training
2018-07-03 23:59:59,6140.9844,Training
2014-12-27 23:59:59,323.9357,Training
2019-08-20 23:59:59,10263.348,Training
2020-12-21 23:59:59,20703.83,Training
2022-06-23 23:59:59,19191.754,Training
2014-03-18 23:59:59,635.874,Training
2025-02-17 00:00:00,98039.55,Training
2015-03-26 23:59:59,259.78107,Training
2014-02-02 23:59:59,799.842,Training
2024-10-27 23:59:59,67324.02,Training
2020-05-06 23:59:59,8853.029,Training
2026-06-20 00:00:00,66390.516,Training
2024-09-03 23:59:59,60123.25,Training
2014-12-30 23:59:59,323.9357,Training
2016-08-25 23:59:59,589.2979,Training
2018-02-18 23:59:59,8596.069,Training
2015-07-24 23:59:59,284.19473,Training
2022-10-21 23:59:59,19299.846,Training
2019-09-19 23:59:59,10307.483,Training
2023-04-23 23:59:59,30165.445,Training
2026-04-17 00:00:00,71354.63,Training
2022-12-09 23:59:59,16952.78,Training
2014-02-26 23:59:59,589.2979,Training
2023-07-25 23:59:59,29887.662,Training
2021-12-31 23:59:59,50404.406,Training
2023-06-14 23:59:59,26520.088,Training
2020-10-21 23:59:59,11408.022,Training
2024-06-09 23:59:59,69651.66,Training
2024-01-16 23:59:59,48375.84,Training
2023-01-15 23:59:59,17453.9,Training
2024-10-16 23:59:59,62836.59,Training
2025-08-30 00:00:00,110217.66,Training
2019-11-17 23:59:59,8854.772,Training
2021-07-29 23:59:59,34166.32,Training
2017-01-07 23:59:59,1035.7802,Training
2016-05-03 23:59:59,450.84695,Training
2018-07-26 23:59:59,7310.6636,Training
2014-05-15 23:59:59,443.48453,Training
2018-04-15 23:59:59,6724.19,Training
2025-11-20 00:00:00,95845.586,Training
2024-05-24 23:59:59,66604.31,Training
2024-12-31 23:59:59,95355.96,Training
2019-03-27 23:59:59,4049.7632,Training
2023-10-27 23:59:59,30048.84,Training
2022-04-22 23:59:59,39588.484,Training
2015-09-07 23:59:59,235.03993,Training
2017-06-03 23:59:59,1800.7596,Training
2024-10-29 23:59:59,68019.195,Training
2017-08-02 23:59:59,2734.8477,Training
2017-09-20 23:59:59,3528.662,Training
2020-09-10 23:59:59,10345.227,Training
2020-02-01 23:59:59,8856.932,Training
2023-02-17 23:59:59,22022.514,Training
2026-04-07 00:00:00,67562.28,Training
2026-01-20 00:00:00,96272.195,Training
2013-10-26 23:59:59,175.86798,Training
2018-06-25 23:59:59,6711.225,Training
2022-11-03 23:59:59,20723.97,Training
2013-06-18 23:59:59,120.035385,Training
2020-08-11 23:59:59,11730.338,Training
2015-04-25 23:59:59,235.03993,Training
2018-12-17 23:59:59,3546.9016,Training
2020-12-08 23:59:59,19172.346,Training
2017-03-10 23:59:59,1308.8616,Training
2017-07-01 23:59:59,2419.547,Training
2019-08-09 23:59:59,10769.747,Training
2023-04-21 23:59:59,30244.758,Training
2026-02-27 00:00:00,67703.86,Training
2021-07-12 23:59:59,34307.332,Training
2024-12-06 23:59:59,96959.16,Training
2025-10-19 00:00:00,113875.96,Training
2017-04-06 23:59:59,1048.8494,Training
2018-01-30 23:59:59,11527.925,Training
2021-04-14 23:59:59,58078.555,Training
2016-03-30 23:59:59,433.82513,Training
2018-11-25 23:59:59,4343.341,Training
2024-05-15 23:59:59,61076.918,Training
2018-03-13 23:59:59,9824.552,Training
2020-01-31 23:59:59,8478.03,Training
2026-05-13 00:00:00,80286.94,Training
2023-03-17 23:59:59,22109.016,Training
2020-01-05 23:59:59,7322.6826,Training
2015-09-28 23:59:59,235.03993,Training
2024-05-25 23:59:59,69717.18,Training
2025-08-01 00:00:00,118582.06,Training
2022-03-31 23:59:59,43750.703,Training
2017-02-24 23:59:59,1047.2362,Training
2015-07-15 23:59:59,284.19473,Training
2016-03-10 23:59:59,409.9993,Training
2016-07-21 23:59:59,645.5756,Training
2022-10-07 23:59:59,19185.957,Training
2015-11-21 23:59:59,325.3588,Training
2014-04-20 23:59:59,463.91464,Training
2020-12-22 23:59:59,22364.22,Training
2015-11-05 23:59:59,323.9357,Training
2015-07-23 23:59:59,284.19473,Training
2015-04-22 23:59:59,235.03993,Training
2020-06-23 23:59:59,9400.503,Training
2014-03-08 23:59:59,649.2803,Training
2024-04-26 23:59:59,64459.773,Training
2014-05-05 23:59:59,443.48453,Training
2023-08-20 23:59:59,29229.426,Training
2018-09-19 23:59:59,6541.378,Training
2020-04-27 23:59:59,7073.279,Training
2023-04-14 23:59:59,28011.414,Training
2020-03-23 23:59:59,5330.751,Training
2017-03-23 23:59:59,1044.7084,Training
2013-05-23 23:59:59,132.69707,Training
2016-09-20 23:59:59,599.1434,Training
2016-05-16 23:59:59,456.21536,Training
2024-02-22 23:59:59,50942.29,Training
2021-09-26 23:59:59,41045.17,Training
2021-06-11 23:59:59,35296.234,Training
2014-07-16 23:59:59,631.08575,Training
2016-03-16 23:59:59,433.82513,Training
2021-04-28 23:59:59,50698.65,Training
2025-12-04 00:00:00,90605.8,Training
2022-05-30 23:59:59,29263.326,Training
2025-10-28 00:00:00,109687.6,Training
2023-11-10 23:59:59,35076.445,Training
2020-08-20 23:59:59,12082.641,Training
2023-07-17 23:59:59,30538.451,Training
2025-03-02 00:00:00,88015.71,Training
2021-08-05 23:59:59,40824.316,Training
2014-12-07 23:59:59,380.7206,Training
2013-11-23 23:59:59,649.2803,Training
2024-01-12 23:59:59,44214.145,Training
2022-05-14 23:59:59,31518.393,Training
2019-04-15 23:59:59,5338.7227,Training
2019-02-06 23:59:59,3484.4878,Training
2019-05-28 23:59:59,7775.148,Training
2017-05-26 23:59:59,1800.7596,Training
2015-10-17 23:59:59,259.78107,Training
2018-11-30 23:59:59,3952.0427,Training
2016-08-13 23:59:59,589.2979,Training
2018-11-12 23:59:59,6515.1753,Training
2026-02-10 00:00:00,65813.76,Training
2014-10-03 23:59:59,369.86365,Training
2023-04-07 23:59:59,28011.414,Training
2016-09-29 23:59:59,592.6906,Training
2026-05-19 00:00:00,80941.54,Training
2015-03-03 23:59:59,242.05173,Training
2023-07-26 23:59:59,29896.963,Training
2026-05-29 00:00:00,76553.61,Training
2026-07-08 00:00:00,63171.215,Training
2015-07-18 23:59:59,284.19473,Training
2024-10-10 23:59:59,62037.29,Training
2020-02-15 23:59:59,10105.895,Training
2024-09-21 23:59:59,58642.63,Training
2022-04-21 23:59:59,40276.746,Training
2025-02-06 00:00:00,101295.31,Training
2015-06-02 23:59:59,243.556,Training
2018-12-06 23:59:59,4125.607,Training
2016-11-19 23:59:59,707.6019,Training
2016-10-25 23:59:59,631.08575,Training
2016-02-23 23:59:59,433.82513,Training
2019-08-22 23:59:59,10275.158,Training
2013-12-04 23:59:59,1048.8494,Training
2025-09-14 00:00:00,111676.69,Training
2021-12-02 23:59:59,54315.8,Training
2015-03-28 23:59:59,263.25992,Training
2016-04-12 23:59:59,433.82513,Training
2015-10-14 23:59:59,243.556,Training
2025-05-14 00:00:00,103317.27,Training
2026-08-05 00:00:00,63895.773,Training
2018-02-23 23:59:59,10498.631,Training
2026-02-22 00:00:00,67871.74,Training
2018-03-04 23:59:59,10587.384,Training
2013-11-16 23:59:59,323.9357,Training
2025-02-10 00:00:00,96501.73,Training
2017-04-17 23:59:59,1180.4529,Training
2015-11-16 23:59:59,323.9357,Training
2023-06-30 23:59:59,30538.451,Training
2018-03-23 23:59:59,7801.178,Training
2018-06-23 23:59:59,6643.587,Training
2023-10-14 23:59:59,27846.451,Training
2016-10-13 23:59:59,631.08575,Training
2013-07-11 23:59:59,120.035385,Training
2014-11-23 23:59:59,369.86365,Training
2017-07-25 23:59:59,2734.8477,Training
2013-08-08 23:59:59,120.035385,Training
2020-11-14 23:59:59,15561.589,Training
2013-09-20 23:59:59,136.85678,Training
2018-06-28 23:59:59,6140.9844,Training
2025-12-28 00:00:00,87641.88,Training
2018-01-26 23:59:59,11956.753,Training
2022-05-17 23:59:59,29131.816,Training
2016-09-05 23:59:59,539.14355,Training
2026-07-12 00:00:00,63453.445,Training
2023-11-26 23:59:59,36943.832,Training
2014-08-10 23:59:59,589.2979,Training
2023-05-03 23:59:59,29276.516,Training
2025-11-10 00:00:00,104389.664,Training
2018-05-22 23:59:59,8183.419,Training
2014-12-19 23:59:59,364.55457,Training
2020-09-01 23:59:59,11432.911,Training
2015-01-19 23:59:59,197.87646,Training
2014-07-28 23:59:59,631.08575,Training
2018-01-12 23:59:59,16439.98,Training
2019-09-23 23:59:59,10115.154,Training
2016-09-07 23:59:59,539.14355,Training
2020-03-18 23:59:59,5244.703,Training
2022-08-30 23:59:59,21286.086,Training
2022-12-05 23:59:59,16673.637,Training
2018-07-22 23:59:59,7062.074,Training
2013-10-01 23:59:59,136.85678,Training
2026-04-01 00:00:00,66687.97,Training
2023-02-10 23:59:59,23068.168,Training
2020-06-08 23:59:59,9583.35,Training
2023-12-28 23:59:59,44023.26,Training
2018-08-04 23:59:59,8183.419,Training
2014-08-04 23:59:59,589.2979,Training
2026-04-22 00:00:00,76558.93,Training
2023-03-04 23:59:59,23569.16,Training
2021-12-28 23:59:59,50006.453,Training
2025-06-01 00:00:00,110000.41,Training
2020-08-13 23:59:59,11739.739,Training
2015-08-13 23:59:59,271.99084,Training
2013-12-29 23:59:59,694.31683,Training
2025-11-28 00:00:00,87135.11,Training
2016-12-29 23:59:59,907.73956,Training
2024-10-06 23:59:59,61807.555,Training
2023-03-06 23:59:59,23575.006,Training
2017-03-31 23:59:59,965.9617,Training
2013-11-12 23:59:59,259.78107,Training
2023-03-27 23:59:59,27560.223,Training
2023-07-02 23:59:59,30479.646,Training
2026-05-18 00:00:00,78916.4,Training
2019-10-17 23:59:59,8363.95,Training
2018-06-17 23:59:59,6624.0044,Training
2025-12-15 00:00:00,92070.84,Training
2024-11-19 23:59:59,87005.46,Training
2017-12-28 23:59:59,14686.812,Training
2026-03-19 00:00:00,70523.69,Training
2015-07-13 23:59:59,271.99084,Training
2022-08-26 23:59:59,21254.037,Training
2024-08-08 23:59:59,60853.207,Training
2022-08-29 23:59:59,21289.492,Training
2022-11-18 23:59:59,16510.611,Training
2020-05-14 23:59:59,9627.851,Training
2023-10-21 23:59:59,28951.611,Training
2017-08-29 23:59:59,4367.0557,Training
2023-10-13 23:59:59,27991.334,Training
2020-05-23 23:59:59,9608.158,Training
2021-03-01 23:59:59,50083.414,Training
2025-10-22 00:00:00,106312.664,Training
2013-08-11 23:59:59,120.035385,Training
2015-11-01 23:59:59,299.92264,Training
2024-11-26 23:59:59,99093.25,Training
2024-01-15 23:59:59,47928.39,Training
2026-07-13 00:00:00,62765.035,Training
2013-11-11 23:59:59,259.78107,Training
2017-02-03 23:59:59,929.64166,Training
2023-09-23 23:59:59,26882.719,Training
2025-04-06 00:00:00,84196.8,Training
2015-09-30 23:59:59,242.05173,Training
2018-05-15 23:59:59,9337.274,Training
2026-08-03 00:00:00,63879.773,Training
2025-08-20 00:00:00,116883.2,Training
2017-09-29 23:59:59,3646.751,Training
2016-06-21 23:59:59,717.3612,Training
2019-04-16 23:59:59,5115.5864,Training
2021-12-07 23:59:59,55904.105,Training
2024-02-27 23:59:59,51171.625,Training
2022-07-28 23:59:59,22200.889,Training
2017-06-09 23:59:59,2419.547,Training
2016-12-16 23:59:59,799.842,Training
2026-05-25 00:00:00,77768.92,Training
2021-11-27 23:59:59,56197.8,Training
2016-07-20 23:59:59,645.5756,Training
2020-03-03 23:59:59,8881.445,Training
2024-02-12 23:59:59,44866.07,Training
2021-06-29 23:59:59,34258.824,Training
2023-11-08 23:59:59,34430.37,Training
2025-02-02 00:00:00,101200.35,Training
2026-03-23 00:00:00,71500.44,Training
2013-10-17 23:59:59,136.85678,Training
2019-12-21 23:59:59,6978.4814,Training
2018-04-23 23:59:59,8164.9585,Training
2017-04-05 23:59:59,1064.21,Training
2023-06-04 23:59:59,27841.852,Training
2021-01-25 23:59:59,35162.934,Training
2014-06-30 23:59:59,589.2979,Training
2013-08-07 23:59:59,120.035385,Training
2019-12-03 23:59:59,7493.9946,Training
2018-10-13 23:59:59,6700.619,Training
2019-05-04 23:59:59,5350.513,Training
2021-08-02 23:59:59,40061.516,Training
2019-04-13 23:59:59,5103.942,Training
2016-07-11 23:59:59,707.6019,Training
2013-07-23 23:59:59,120.035385,Training
2015-07-16 23:59:59,299.92264,Training
2025-05-23 00:00:00,105409.12,Training
2019-07-28 23:59:59,9969.914,Training
2018-11-05 23:59:59,6351.4194,Training
2017-12-26 23:59:59,16477.914,Training
2021-03-17 23:59:59,55668.266,Training
2022-01-06 23:59:59,47380.742,Training
2019-07-21 23:59:59,10000.089,Training
2023-05-29 23:59:59,26474.688,Training
2025-11-05 00:00:00,109717.484,Training
2013-10-03 23:59:59,136.85678,Training
2019-12-31 23:59:59,7322.6826,Training
2021-01-15 23:59:59,37981.82,Training
2024-10-08 23:59:59,61365.914,Training
2018-06-14 23:59:59,7721.201,Training
2025-12-05 00:00:00,90659.555,Training
2018-05-24 23:59:59,8280.104,Training
2017-02-06 23:59:59,965.9617,Training
2021-03-29 23:59:59,54406.285,Training
2020-02-20 23:59:59,10168.743,Training
2017-09-03 23:59:59,4573.6333,Training
2020-11-27 23:59:59,18162.873,Training
2019-06-09 23:59:59,7835.343,Training
2026-04-13 00:00:00,71135.41,Training
2018-10-08 23:59:59,6506.0693,Training
2025-09-04 00:00:00,108888.09,Training
2013-06-04 23:59:59,134.33572,Training
2025-03-09 00:00:00,85628.06,Training
2015-11-27 23:59:59,325.3588,Training
2015-07-11 23:59:59,284.19473,Training
2019-03-18 23:59:59,3880.7136,Training
2016-06-12 23:59:59,589.2979,Training
2018-04-16 23:59:59,6836.148,Training
2016-03-24 23:59:59,409.9993,Training
2014-03-09 23:59:59,694.31683,Training
2019-10-30 23:59:59,8100.051,Training
2023-09-26 23:59:59,26611.28,Training
2023-05-08 23:59:59,28905.078,Training
2014-10-13 23:59:59,339.60663,Training
2024-08-09 23:59:59,58737.78,Training
2018-07-11 23:59:59,6696.818,Training
2019-02-26 23:59:59,3958.7595,Training
2023-03-12 23:59:59,22200.889,Training
2014-05-17 23:59:59,433.82513,Training
2014-09-11 23:59:59,479.71738,Training
2019-01-25 23:59:59,3633.3862,Training
2013-11-04 23:59:59,217.21329,Training
2013-11-25 23:59:59,561.3778,Training
2016-03-25 23:59:59,409.9993,Training
2014-06-18 23:59:59,595.75073,Training
2023-09-06 23:59:59,25614.107,Training
2021-09-10 23:59:59,50563.39,Training
2022-03-19 23:59:59,39661.71,Training
2024-07-15 23:59:59,58191.848,Training
2017-04-11 23:59:59,1197.4264,Training
2014-03-05 23:59:59,577.5228,Training
2022-07-04 23:59:59,20032.486,Training
2022-02-14 23:59:59,43521.438,Training
2017-07-21 23:59:59,1800.7596,Training
2015-12-24 23:59:59,490.55853,Training
2013-10-19 23:59:59,171.90157,Training
2023-05-14 23:59:59,27557.494,Training
2026-10-02 00:00:00,86001.984,Future
2026-10-03 00:00:00,85483.234,Future
2026-10-04 00:00:00,85035.54,Future
2026-10-05 00:00:00,84437.38,Future
2026-10-06 00:00:00,85020.86,Future
